"";"idno";"INTNUM1";"rowsum";"count"
"1";2;6049;32800373,6401867;30
"2";3;6049;18933640,5102163;30
"3";4;6049;10067735,8698603;30
"4";5;6049;30321732,3559137;30
"5";6;6049;4949943,3363291;30
"6";7;6049;17861066,3749048;30
"7";8;6049;9751966,85799083;30
"8";9;6049;45613716,9428573;30
"9";11;6049;16694364,191522;30
"10";12;6049;9994751,94819854;30
"11";14;19034;28696383,8211956;16
"12";15;19034;11309503,758881;16
"13";16;19034;16922769,3660027;16
"14";18;19034;13581515,0906318;16
"15";20;19034;10678214,6389997;16
"16";21;19034;9877833,2247564;16
"17";22;19034;11741523,9541333;16
"18";23;19034;25746602,5630353;16
"19";25;19034;5665749,46333207;16
"20";26;19034;5679815,71199676;16
"21";27;19034;10297814,5962698;16
"22";30;19034;37417904,5351422;16
"23";31;19034;16136861,927427;16
"24";32;19034;18876112,781433;16
"25";37;19034;28666601,9992371;16
"26";39;19034;11791475,6508692;16
"27";40;18026;23992332,6894448;10
"28";41;18026;11332136,4870709;10
"29";42;18026;29645225,590335;10
"30";44;18026;9759763,01051308;10
"31";45;18026;15807869,2306911;10
"32";46;18026;8101205,40398489;10
"33";47;18026;9456914,10784246;10
"34";49;18026;12044084,306062;10
"35";50;18026;16831517,1422638;10
"36";51;18026;16872509,3001273;10
"37";53;10080;23409222,2787623;22
"38";54;10080;10357012,8906318;22
"39";55;10080;13886880,4579908;22
"40";56;10080;13445564,9452312;22
"41";57;10080;74062337,9220858;22
"42";58;10080;91670783,212887;22
"43";59;10080;6806576,15235284;22
"44";60;10080;29673754,9493855;22
"45";62;10080;23592591,0455279;22
"46";63;10080;28690573,6906318;22
"47";64;10080;30288602,0063588;22
"48";65;10080;36592087,2846971;22
"49";66;10039;30278280,0734211;16
"50";67;10050;27064073,6146674;16
"51";68;10050;33693909,474608;16
"52";69;10039;30712661,4817297;16
"53";71;10050;6288748,37312436;16
"54";72;10050;40125117,0158543;16
"55";73;10050;28549644,7879612;16
"56";74;10039;46132056,8206021;16
"57";75;10039;19702328,4366258;16
"58";76;10039;60418336,7511659;16
"59";80;15047;16690759,034252;9
"60";81;15047;11239548,4033914;9
"61";82;15051;6759769,59626976;6
"62";83;15051;7344882,24196709;6
"63";84;15051;30171933,9950828;6
"64";85;15050;22291961,3529463;12
"65";86;15047;24667610,7630353;9
"66";88;15047;20075662,7256466;9
"67";90;15047;26427473,9938959;9
"68";91;15047;46912734,2876644;9
"69";92;15047;15156011,8573974;9
"70";94;15047;8355126,4627386;9
"71";95;15047;30548477,8075457;9
"72";96;15050;9182288,570157;12
"73";97;15051;14824279,0401867;6
"74";98;15051;12730220,3879612;6
"75";100;15051;8987426,50784246;6
"76";103;15050;24546748,8870709;12
"77";105;30027;12625609,907249;8
"78";107;30027;7465585,80754572;8
"79";108;30027;26016304,8597712;8
"80";109;30027;41256404,0164478;8
"81";112;30027;5637175,07994928;8
"82";113;30027;38956647,3707505;8
"83";114;30027;30346125,5179315;8
"84";115;30027;23048233,25443;8
"85";118;19061;8838118,56659617;14
"86";121;19061;12874821,601611;14
"87";123;19061;30296333,2413736;14
"88";126;19061;9118727,21407391;14
"89";128;19061;3610448,88469706;14
"90";129;19061;42831008,895973;14
"91";130;19061;33691110,7719374;14
"92";131;19002;9136787,68054275;13
"93";132;19021;16298696,874608;4
"94";133;19021;10471422,8479018;4
"95";134;19021;5387428,29894038;4
"96";135;19021;4937315,03306501;4
"97";139;19002;6754735,66570596;13
"98";141;19002;16747521,0734211;13
"99";142;19002;11710295,5025012;13
"100";143;19002;20752291,4022045;13
"101";144;19061;25608616,5553202;14
"102";145;19061;57195325,8651125;14
"103";146;19061;5022368,36718964;14
"104";147;19061;5740264,35294631;14
"105";148;19061;8040156,24849528;14
"106";149;19061;8659474,77965255;14
"107";151;19061;23353353,465706;14
"108";157;7008;12974090,9066555;22
"109";158;7008;49655145,6348454;22
"110";159;7008;17000038,7790591;22
"111";160;7008;30325738,4532431;22
"112";161;7008;25256969,0716407;22
"113";162;7008;17197502,6603647;22
"114";164;7008;12627815,3642223;22
"115";165;7008;11714705,4520561;22
"116";166;7008;6783883,39389587;22
"117";167;7008;5236393,61526086;22
"118";169;7008;12351602,0639255;22
"119";171;15018;26426123,7553202;9
"120";172;15018;10054031,970157;9
"121";173;15018;27239477,5820264;9
"122";174;15018;31263305,4752015;9
"123";175;15018;11115545,2490887;9
"124";176;15018;14253995,2799493;9
"125";179;15018;29984007,4609582;9
"126";181;15018;20727855,0680798;9
"127";182;15018;11767529,7660027;9
"128";183;30018;23862774,0900383;8
"129";185;30018;10962201,5137772;8
"130";187;30018;14467197,612887;8
"131";188;30018;55371657,1559137;8
"132";190;30018;6045089,69953385;8
"133";191;30018;27212695,8882579;8
"134";192;30018;39979941,1529463;8
"135";195;30018;17337481,1351422;8
"136";196;18038;5693374,1131837;7
"137";198;18038;6251382,78083949;7
"138";199;18038;11570449,1398899;7
"139";200;18038;15768904,0395932;7
"140";202;18038;3184134,78143296;7
"141";206;18038;6858603,02534988;7
"142";207;18038;12682935,8437475;7
"143";211;38060;10659881,5772787;9
"144";213;38060;30317818,381433;9
"145";215;38060;20769893,033065;9
"146";216;38060;27948040,7873677;9
"147";217;38060;10303750,1149641;9
"148";218;38060;5725279,19270893;9
"149";219;38060;6011062,26333207;9
"150";220;38060;68300001,5244597;9
"151";221;38060;72508905,7826199;9
"152";222;25007;50332003,4395932;7
"153";223;25007;6801826,65383652;7
"154";225;25007;43631024,0010175;7
"155";228;25007;6393606,07935581;7
"156";229;25007;27250849,5517594;7
"157";230;25007;7463735,46867332;7
"158";232;25007;8043462,99508281;7
"159";236;10092;12555515,7891481;8
"160";239;10092;33698127,9208988;8
"161";240;10092;18037327,9968632;8
"162";241;10092;33696109,1743113;8
"163";243;10092;20183802,0318781;8
"164";244;10092;16163069,3950828;8
"165";245;10092;25654248,421789;8
"166";246;10092;30562991,307249;8
"167";248;24094;14291004,8336585;17
"168";249;24094;10300536,1796525;17
"169";250;24094;6419373,86333207;17
"170";252;24094;3379003,17490477;17
"171";253;24094;76033442,3754983;17
"172";254;24094;10662873,7428573;17
"173";256;24094;42407913,8668929;17
"174";257;24094;20280752,1950828;17
"175";259;24094;7153826,66095818;17
"176";260;24094;11159746,1689701;17
"177";262;24094;33696184,0870709;17
"178";264;24094;23946037,1416703;17
"179";265;24094;7002037,32149231;17
"180";266;24094;16771077,5956763;17
"181";268;24097;9833090,94226382;1
"182";270;24094;12322845,0200086;17
"183";272;24094;52372806,9298009;17
"184";273;24094;5207535,53870299;17
"185";275;25065;13114951,5838068;5
"186";276;25065;8987533,96778311;5
"187";278;25065;10185888,9654092;5
"188";279;25065;46120295,9054686;5
"189";283;25065;20051236,8366258;5
"190";286;21021;9251519,03306501;12
"191";287;2102;30718707,9933024;1
"192";288;21021;11213528,633065;12
"193";290;21021;17294061,1404834;12
"194";291;21021;29618444,5214923;12
"195";294;21021;11311952,7933024;12
"196";298;21021;16699356,4449344;12
"197";300;21021;17012450,5944893;12
"198";301;21021;21985663,7855873;12
"199";302;21021;16423021,1042816;12
"200";303;21021;13176073,6176347;12
"201";305;21021;20751175,7220858;12
"202";307;21021;4991734,59864364;12
"203";308;21017;5554868,43187807;8
"204";310;21017;33019131,2900383;8
"205";313;21017;6781985,76125492;8
"206";316;25053;13301464,3404834;4
"207";317;25053;12754428,7832134;4
"208";318;25053;11248106,475795;4
"209";320;25053;7310924,74048341;4
"210";323;21017;4948173,82119557;8
"211";327;21017;64834701,9879612;8
"212";328;21017;9307003,0627386;8
"213";332;21017;45370534,2538365;8
"214";334;21017;12542300,4781689;8
"215";345;23048;30730551,8835101;14
"216";346;23048;7910641,73098786;14
"217";349;23048;8408796,75294632;14
"218";350;23048;30311643,495973;14
"219";351;23048;8257829,32149231;14
"220";352;23048;7126348,10724899;14
"221";355;23048;22109277,7404834;14
"222";358;23048;20010699,8484953;14
"223";359;23048;11913325,8099196;14
"224";360;23048;16714976,6378128;14
"225";361;23048;5906690,11259023;14
"226";363;23048;16160880,4170413;14
"227";365;23048;33701489,9950828;14
"228";366;23048;6247793,92624008;14
"229";368;24038;11755437,0674864;6
"230";371;24038;8416886,74641812;6
"231";373;24038;27174645,8568039;6
"232";374;24038;30271025,1571006;6
"233";375;24038;29615979,7855873;6
"234";376;24038;11596555,9440442;6
"235";384;25004;13630851,9743113;4
"236";388;25004;6564082,41585433;4
"237";390;25004;29626214,0188217;4
"238";391;25004;23118404,2870709;4
"239";393;25106;16156656,5565071;7
"240";395;25106;16125176,9891481;7
"241";400;25106;13118072,2585843;7
"242";401;25106;23776800,8888514;7
"243";402;25106;14023875,9292074;7
"244";403;25106;19638051,5232727;7
"245";406;25106;35735749,7695635;7
"246";411;25024;14429350,095973;29
"247";412;25024;17045968,4093261;29
"248";414;25024;31494517,9630353;29
"249";415;25024;30376335,6336585;29
"250";416;25024;30335093,906062;29
"251";417;25024;30274624,5007208;29
"252";418;25024;14722240,3381095;29
"253";419;25024;15751701,0781689;29
"254";420;25024;17958343,644341;29
"255";421;25024;7416912,80576531;29
"256";423;25024;6715852,51911842;29
"257";424;25024;4010102,96006798;29
"258";425;25024;24126045,0983469;29
"259";426;25024;25658429,2965665;29
"260";427;25024;12572322,1873677;29
"261";428;25024;6005546,79092851;29
"262";430;25024;9016045,16066145;29
"263";431;25024;2623111,22178904;29
"264";432;25024;15383509,0479018;29
"265";433;25024;5694439,05086916;29
"266";434;29022;30328425,4366258;5
"267";435;20037;29661497,6526496;2
"268";441;29022;28626517,2823232;5
"269";446;29022;19172089,3511659;5
"270";447;20037;16950542,358881;2
"271";450;29022;10967992,9523528;5
"272";451;29022;31385359,4283172;5
"273";454;23054;22340377,1885546;8
"274";455;23054;14189941,5416704;8
"275";457;23054;5576258,25442999;8
"276";458;23038;22621669,2484953;6
"277";459;23054;23052537,2395932;8
"278";460;23038;9755126,085884;6
"279";461;23038;21677080,7529463;6
"280";463;23038;10084617,4122935;6
"281";467;23038;8288038,00873266;6
"282";468;23054;23655803,822976;8
"283";469;23054;13819474,1547267;8
"284";471;23038;17212458,7938959;6
"285";472;23054;7623481,14760507;8
"286";473;23054;28696322,2769819;8
"287";475;20022;6199671,5891481;8
"288";476;20022;11291532,8888514;8
"289";480;29090;30312702,4787623;8
"290";486;20022;20725413,864519;8
"291";487;20022;12740642,2568039;8
"292";490;29090;19674866,1737178;8
"293";491;29090;11796110,7155576;8
"294";493;20022;9019633,92445967;8
"295";494;20022;6725420,84018667;8
"296";496;29090;19383398,4639255;8
"297";498;29090;7021107,06629943;8
"298";502;29090;11604886,7844003;8
"299";504;20022;16963227,7754982;8
"300";506;20022;9428418,88647747;8
"301";507;29090;9040677,53098786;8
"302";508;29090;11063349,633065;8
"303";512;25018;23826662,0069522;3
"304";513;25018;23627622,1090294;3
"305";520;25018;12956720,5944893;3
"306";527;23011;10236404,3737178;7
"307";528;21082;11488173,6900383;11
"308";532;21082;29609564,7220858;11
"309";536;21082;71283911,7197119;11
"310";537;23011;15527527,1381095;7
"311";538;21082;29595112,6680798;11
"312";540;21082;29641945,7891481;11
"313";541;21082;30718117,7155576;11
"314";542;21082;17277299,3131837;11
"315";543;23011;30717606,8146674;7
"316";544;21082;26980358,1422638;11
"317";546;21082;11852436,4479018;11
"318";547;23011;14710444,7654092;7
"319";548;21082;20801755,4912252;11
"320";549;23011;9635948,62653682;7
"321";550;23011;9756765,57668519;7
"322";551;21082;11119827,5695635;11
"323";553;23011;33701959,8419671;7
"324";560;21033;12430677,2603647;11
"325";561;21033;9742984,47045373;11
"326";563;26015;40287412,1048751;6
"327";564;21033;11008706,2550235;11
"328";565;26015;12766990,6027979;6
"329";566;26015;10984427,3137772;6
"330";567;21033;9541673,85799082;11
"331";568;21033;13656105,1108098;11
"332";569;21033;17163851,990335;11
"333";570;26015;8558551,59864364;6
"334";573;21033;18407927,9944893;11
"335";575;21033;12754667,3867742;11
"336";581;26015;14914744,9309879;6
"337";585;26015;30231194,6300976;6
"338";586;21033;6778936,35294631;11
"339";587;21033;7908151,08825789;11
"340";589;21033;6383840,69834691;11
"341";593;25072;18500068,0366258;9
"342";596;25072;29620961,29716;9
"343";600;25072;11302640,1695635;9
"344";602;25072;16660046,8223825;9
"345";604;25072;24223847,3078425;9
"346";605;25072;13254381,6734211;9
"347";607;25072;16656235,2514626;9
"348";608;25072;9249541,81407391;9
"349";609;25072;6319593,53158133;9
"350";613;25035;29627477,6081392;8
"351";614;20039;18983572,4591778;5
"352";616;25035;7969108,00517183;8
"353";618;20039;10426980,875795;5
"354";620;25035;14102596,8045784;8
"355";621;25035;9024299,44196709;8
"356";622;25035;12784996,5410769;8
"357";623;25035;7465180,20457836;8
"358";626;25035;48734909,6894448;8
"359";627;20039;17118382,4253499;5
"360";628;25035;12415753,2692668;8
"361";629;20039;19039882,8265368;5
"362";630;20039;5684279,64968222;5
"363";633;25131;19079758,2841036;10
"364";634;25131;53040622,0520561;10
"365";635;25131;36388810,1464181;10
"366";636;25131;30313544,349979;10
"367";640;25131;10308736,5796525;10
"368";641;25131;14678353,5731244;10
"369";642;25131;65843310,3001273;10
"370";644;25131;23121481,2164478;10
"371";646;25131;13857940,9137772;10
"372";647;25131;5003921,06926679;10
"373";649;20070;34935693,7891481;16
"374";651;20070;3547991,59033504;16
"375";653;20070;11449127,9891481;16
"376";654;20070;11033324,0918187;16
"377";655;20070;5112369,01526085;16
"378";657;20070;5617790,92742703;16
"379";658;20070;36396691,3321748;16
"380";659;20070;28672829,1232727;16
"381";660;20070;24042149,1772787;16
"382";662;20070;11861282,5179315;16
"383";663;20070;20897923,6033914;16
"384";664;20070;5626096,00813919;16
"385";665;20070;41159075,8496822;16
"386";669;20070;17687005,0146674;16
"387";670;20070;41556268,5381095;16
"388";671;20070;16789288,0271303;16
"389";672;20041;61530275,3404834;5
"390";673;20041;8787426,65264958;5
"391";682;20041;22225102,728614;5
"392";684;20041;10101225,3446377;5
"393";689;20041;32935021,5048751;5
"394";691;22025;49378296,8870709;8
"395";695;22025;16902117,9108098;8
"396";696;22025;10440532,0081392;8
"397";697;22025;13998377,7185249;8
"398";699;22025;17620122,2366258;8
"399";706;22025;6260723,67994928;8
"400";711;23032;18904863,3642223;2
"401";712;23032;29656338,4188217;2
"402";713;25024;32989340,9909285;29
"403";714;25024;10663300,9244597;29
"404";715;25024;9711518,58024602;29
"405";716;25024;11814482,737516;29
"406";717;25024;11233610,5897416;29
"407";718;25024;11686814,6805428;29
"408";719;25024;17046709,8639255;29
"409";720;25024;12431660,9689701;29
"410";721;25024;4645999,66748637;29
"411";728;20044;9482623,2354389;6
"412";729;20044;22321747,7523528;6
"413";730;20044;21984000,2449344;6
"414";732;20044;16163051,8953795;6
"415";733;20044;16935038,0556169;6
"416";736;20044;12733045,7422638;6
"417";739;22025;11707711,8087327;8
"418";743;22025;16031332,9938959;8
"419";744;4216;48358459,8841036;6
"420";747;4216;13317915,25443;6
"421";750;4216;20906834,0176347;6
"422";751;4216;7305760,12980091;6
"423";754;4216;22309990,1167445;6
"424";756;4216;15032105,4419671;6
"425";757;37001;29587561,9446377;8
"426";759;37001;8027994,37609172;8
"427";761;37001;20948598,8241629;8
"428";762;37001;16216167,4259433;8
"429";764;37001;14383347,3493855;8
"430";765;37001;11550039,3398899;8
"431";766;37001;23846698,7327683;8
"432";767;37001;6299612,5826199;8
"433";771;15050;9727765,82831723;12
"434";773;15050;15705002,3956763;12
"435";775;15050;8303488,66629943;12
"436";777;15050;6870106,0627386;12
"437";778;15050;17971888,6538365;12
"438";779;15050;17954226,1493855;12
"439";780;15050;12762982,2289107;12
"440";781;15050;11814899,6312846;12
"441";782;15050;8444409,06451902;12
"442";784;1071;10914257,8200086;16
"443";786;1071;34065587,7434508;16
"444";787;1071;10442737,5256466;16
"445";788;1071;10762493,5434508;16
"446";789;1071;29588649,4259433;16
"447";790;1071;10617416,3642223;16
"448";791;1071;7437708,97253088;16
"449";793;1071;16306020,8930057;16
"450";794;1071;10462022,5636288;16
"451";795;1071;16535530,4289107;16
"452";796;22089;16777388,4093261;9
"453";797;22089;4429848,62653682;9
"454";798;22089;14504844,3986436;9
"455";800;22089;5659054,5594745;9
"456";801;22089;22989697,8407801;9
"457";803;22089;24024841,2591778;9
"458";804;22089;31472761,801611;9
"459";805;22089;12506342,9167445;9
"460";808;22089;16506522,0241629;9
"461";809;39057;10851087,2918187;1
"462";810;39051;8986857,9238662;9
"463";811;39051;36511011,4158543;9
"464";813;39051;14685297,3357356;9
"465";814;39051;17970590,7256466;9
"466";816;39051;2468864,33692258;9
"467";818;39051;9609460,2247564;9
"468";819;39051;22259928,5737178;9
"469";820;39051;11561821,4360324;9
"470";821;39051;41974518,834252;9
"471";822;23085;63250216,580246;15
"472";825;23085;10064204,4674864;15
"473";826;23085;36528969,6194152;15
"474";827;23085;35858708,5796525;15
"475";828;23085;31211075,644341;15
"476";831;23085;30337055,5535398;15
"477";836;10155;27210867,0983469;6
"478";838;10155;6521325,36600269;6
"479";843;10152;26059764,9191184;1
"480";844;10017;16901516,7404834;8
"481";849;10017;29685722,2306911;8
"482";850;10155;30266969,0437475;6
"483";851;10017;36143888,1102163;8
"484";853;10017;29610376,7268336;8
"485";855;10017;23720400,0354389;8
"486";857;10017;11693535,9743113;8
"487";858;10017;13073921,3909285;8
"488";862;10017;7459595,11793148;8
"489";866;10155;6112199,25264958;6
"490";871;10155;19082592,8817297;6
"491";873;10155;37859109,5660027;6
"492";875;9085;16892361,4158543;9
"493";876;9085;41252694,2140739;9
"494";878;9085;11050635,9867742;9
"495";879;9085;32948473,1333617;9
"496";881;9085;11000783,9754982;9
"497";882;9085;13716465,9369226;9
"498";883;9085;19793572,5197119;9
"499";884;9085;48841655,7677831;9
"500";886;9085;20159031,8401867;9
"501";890;39060;35549462,0888514;9
"502";892;39060;7301901,08351011;9
"503";893;39060;32540653,8941926;9
"504";894;39060;29639021,5268336;9
"505";895;39060;30331805,6271303;9
"506";896;39060;8041518,36006798;9
"507";897;39060;47559630,9772787;9
"508";898;39060;25629470,833065;9
"509";899;39060;12713907,05443;9
"510";900;7008;12748781,5137772;22
"511";901;7008;25732170,4057653;22
"512";903;7008;23732088,9731244;22
"513";906;7008;6818692,32327272;22
"514";907;7008;29117896,0140739;22
"515";908;7008;18915659,833065;22
"516";912;7008;20005190,0591778;22
"517";913;7008;55793261,5713439;22
"518";917;7008;33458044,3725309;22
"519";920;7008;52025490,7974567;22
"520";922;7008;32997860,1084359;22
"521";926;38074;30324133,0995339;8
"522";927;38074;22960206,5832134;8
"523";928;38074;13096194,1019077;8
"524";929;38074;12149981,2556169;8
"525";931;38074;13254096,0953796;8
"526";932;38074;5393209,25621041;8
"527";934;38074;6840757,02831723;8
"528";938;38074;29671469,8870709;8
"529";940;22052;14765180,3719374;27
"530";941;22052;10666616,527427;27
"531";942;22052;20740429,507249;27
"532";943;22052;9078135,88825789;27
"533";947;22052;35522517,5986436;27
"534";948;22052;9136609,99092851;27
"535";949;22052;30288978,1434508;27
"536";951;22052;15491352,958881;27
"537";952;10080;15874350,4906318;22
"538";953;10080;19695438,6289107;22
"539";954;10080;10624684,6817297;22
"540";955;10080;9954775,485884;22
"541";957;10080;29619949,927427;22
"542";958;10080;29607896,0312846;22
"543";960;10080;23740673,5321748;22
"544";962;10080;20540989,685884;22
"545";963;10080;9169629,19270893;22
"546";964;10080;16365342,6324715;22
"547";965;8234;15281769,8413736;1
"548";966;8250;10317204,2573974;10
"549";969;8250;19883512,1339552;10
"550";970;8250;30851141,549979;10
"551";971;8250;22975558,3879611;10
"552";972;8250;30387714,5992371;10
"553";973;8250;12434565,4211956;10
"554";974;8250;36179532,8864775;10
"555";975;8250;26589126,5238662;10
"556";976;8250;9922897,67638845;10
"557";977;8250;11931668,4134804;10
"558";978;10074;14205996,0407801;4
"559";979;10073;24099562,8081392;5
"560";982;10074;8031327,82119557;4
"561";983;10073;54032714,9517594;5
"562";984;10073;23595061,6378128;5
"563";985;10074;47194112,2324715;4
"564";987;10073;6928744,87816887;5
"565";989;10074;10973999,485884;4
"566";990;10073;28020688,380246;5
"567";997;6049;10601706,6111066;30
"568";1001;6049;10713148,5630353;30
"569";1002;6049;14336627,2585843;30
"570";1005;1059;18814211,5844003;9
"571";1006;1060;28623212,1013143;10
"572";1007;1059;40287217,2710472;9
"573";1008;1060;20782089,3553202;10
"574";1010;1060;17255922,4787623;10
"575";1011;1060;22182950,4479018;10
"576";1013;1060;57499325,7309879;10
"577";1014;1059;10019567,4354389;9
"578";1016;1059;11027460,0668929;9
"579";1017;1059;53814016,2247564;9
"580";1018;1060;19642614,0585843;10
"581";1019;1060;36672984,5553202;10
"582";1020;1060;50039162,0022045;10
"583";1021;1059;11100586,9790591;9
"584";1022;1059;33429918,9375161;9
"585";1023;1060;10678669,4075457;10
"586";1024;1059;20516964,3025012;9
"587";1027;1060;39412801,6075457;10
"588";1028;1059;7892188,63781278;9
"589";1031;20062;8875433,55769409;11
"590";1032;21040;14775011,3333617;9
"591";1033;20062;39456678,8045784;11
"592";1037;20062;10620747,7855873;11
"593";1039;20062;30177812,3998306;11
"594";1040;21040;23048816,0057653;9
"595";1041;21040;11888124,6775754;9
"596";1042;21040;12132625,9416704;9
"597";1043;37020;6596036,18261991;11
"598";1044;37020;13726693,558881;11
"599";1045;37020;7502112,70250121;11
"600";1046;37020;19497561,0300977;11
"601";1047;37020;54303236,2289107;11
"602";1048;37020;45497863,3197119;11
"603";1049;37020;5029727,21704127;11
"604";1050;37020;33878574,0829166;11
"605";1051;37020;42062415,6906318;11
"606";1053;37020;32904622,7624419;11
"607";1055;37020;10425835,7404834;11
"608";1056;1040;32730270,9885546;4
"609";1061;1071;14655693,4597712;16
"610";1062;1071;11792623,9369226;16
"611";1063;1014;7316604,09063177;7
"612";1064;1014;34947526,5013143;7
"613";1065;1071;10753777,5048751;16
"614";1066;1014;71861666,6484953;7
"615";1067;1040;16764933,517338;4
"616";1068;1054;8054186,12267925;3
"617";1072;1054;9857327,80932614;3
"618";1073;1014;7491972,31793148;7
"619";1074;1040;16409013,938703;4
"620";1076;1071;49494837,7208988;16
"621";1079;1014;10499042,85443;7
"622";1081;1014;12139921,949979;7
"623";1083;1071;18822234,2769819;16
"624";1087;1054;20038676,9660027;3
"625";1090;1071;33527962,275795;16
"626";1092;1040;15661730,2004241;4
"627";1093;1014;14555981,0894448;7
"628";1096;22052;11207471,3695635;27
"629";1097;22052;35017777,0176347;27
"630";1098;22052;63138309,9143706;27
"631";1099;22052;6293231,85739735;27
"632";1101;22052;20398962,5517594;27
"633";1102;22052;38417363,5772787;27
"634";1103;22052;9955616,78677421;27
"635";1105;22052;69631676,9309879;27
"636";1106;22052;4507172,39686323;27
"637";1108;39025;30317674,1933024;10
"638";1109;39025;78019165,1891481;10
"639";1110;39025;17899324,8093261;10
"640";1112;39025;23695213,6283172;10
"641";1113;39025;18006132,4603647;10
"642";1114;39025;8332514,94819854;10
"643";1115;39025;79240666,5434508;10
"644";1117;39025;75133410,1114033;10
"645";1118;39025;10421210,0158543;10
"646";1119;39025;16866854,9226793;10
"647";1121;2074;7310791,40339142;5
"648";1129;2074;44777716,180246;5
"649";1131;2074;23016383,790335;5
"650";1132;2074;3629677,35888103;5
"651";1133;2074;12613816,8004241;5
"652";1134;11007;7472288,89063177;8
"653";1135;11007;42774339,5760917;8
"654";1136;11007;36231711,7707505;8
"655";1138;11007;10676895,2223825;8
"656";1139;11007;13307837,3885546;8
"657";1141;11007;9159526,97134394;8
"658";1143;11007;64840898,1369226;8
"659";1145;11007;29612299,8811362;8
"660";1146;11008;9745063,285884;11
"661";1147;10091;10300760,128614;12
"662";1149;10091;41965467,6206021;12
"663";1150;10091;5643914,23484543;12
"664";1151;10091;33007712,1511659;12
"665";1152;10091;23608624,4508692;12
"666";1153;10091;27573557,1042816;12
"667";1154;10091;12804298,6704537;12
"668";1155;10091;25600560,6033914;12
"669";1156;10091;24573832,8437475;12
"670";1157;10091;19674326,4609582;12
"671";1158;10091;9945931,92505314;12
"672";1159;10091;31622683,2324715;12
"673";1160;38041;38268104,5102163;11
"674";1162;38041;42313893,4176347;11
"675";1163;38041;24532258,0182282;11
"676";1164;38041;10601315,581433;11
"677";1165;38041;9005213,40932614;11
"678";1166;38041;43543004,1541333;11
"679";1167;38041;30280115,2989404;11
"680";1168;38041;30708008,2099196;11
"681";1169;38041;26204644,581433;11
"682";1170;38041;25170106,5826199;11
"683";1172;38041;22968873,3749048;11
"684";1175;3107;11051408,748792;9
"685";1176;3107;47378201,7642223;9
"686";1177;3107;27675463,9131837;9
"687";1178;3107;24685065,0514626;9
"688";1179;3107;6792566,27045373;9
"689";1181;3107;8564630,51021635;9
"690";1182;3107;46820722,6864775;9
"691";1183;3107;24623200,3345487;9
"692";1185;3107;38327077,4722342;9
"693";1187;3115;10036529,9618484;9
"694";1188;3115;24717879,9226793;9
"695";1189;3115;47366634,1298009;9
"696";1190;3115;18047309,1256466;9
"697";1191;3115;6042640,50131427;9
"698";1193;3115;62115479,6105131;9
"699";1194;3115;9565486,64493445;9
"700";1196;3115;41215331,1849938;9
"701";1197;3115;63806626,8176347;9
"702";1199;15007;19690579,8223825;10
"703";1200;15007;14795643,6188217;10
"704";1203;15007;16167231,2787623;10
"705";1204;15007;45001154,7398899;10
"706";1205;15007;30315667,5292074;10
"707";1206;15007;32975194,7826199;10
"708";1207;15007;30707935,6271303;10
"709";1208;15007;24037319,1879611;10
"710";1209;15007;9436962,52564661;10
"711";1210;15007;8032252,11140329;10
"712";1212;1030;56995717,9114033;15
"713";1215;1030;33000029,4384063;15
"714";1216;1030;8044768,7553202;15
"715";1217;1030;8185540,22000863;15
"716";1218;1030;17988605,25443;15
"717";1219;1030;82626553,7636288;15
"718";1220;1030;13466608,8010175;15
"719";1221;1030;16064035,9422638;15
"720";1224;1030;31458057,2010175;15
"721";1226;3130;70032278,1778721;4
"722";1228;3200;12988730,664519;4
"723";1229;3130;23049558,7885546;4
"724";1230;3200;30306046,1179315;4
"725";1232;3130;10259615,7826199;4
"726";1233;3130;9078614,13692258;4
"727";1234;3200;30358063,760068;4
"728";1235;3131;10575183,1398899;1
"729";1237;3200;7728906,70724899;4
"730";1238;6049;20240396,5428573;30
"731";1239;6049;8027974,58914809;30
"732";1242;6049;37849568,5363291;30
"733";1243;6049;20772836,9096229;30
"734";1244;6049;30517015,6846971;30
"735";1245;6049;24598612,7398899;30
"736";1246;6049;50464292,5719374;30
"737";1247;6049;20037210,5838069;30
"738";1248;6049;14327500,4852905;30
"739";1251;39003;33695045,5689701;15
"740";1254;39003;91412389,0407801;15
"741";1255;39003;10511790,4550235;15
"742";1257;39003;6871386,58499379;15
"743";1258;39003;22959769,0093261;15
"744";1262;39003;12814025,106062;15
"745";1264;39003;30574163,7238662;15
"746";1265;39003;10973864,4906318;15
"747";1266;39003;19670052,275795;15
"748";1267;39003;50196743,9677831;15
"749";1269;39003;11370369,7784656;15
"750";1270;39003;23373483,0354389;15
"751";1271;39003;85432011,9974567;15
"752";1272;39003;20179900,0140739;15
"753";1275;39003;12496115,8686733;15
"754";1278;37022;10803515,5950828;7
"755";1280;37022;30290510,4306911;7
"756";1281;37022;17247866,4496822;7
"757";1284;37022;27997256,0532431;7
"758";1285;37022;7449147,72861397;7
"759";1287;37022;14431215,8306911;7
"760";1289;37022;22371938,3933024;7
"761";1290;3117;39505186,021789;9
"762";1291;3038;31479705,9078425;8
"763";1292;3117;25660615,1238662;9
"764";1294;3117;32880352,7149641;9
"765";1295;3038;19688994,9131837;8
"766";1296;3117;14025926,9493855;9
"767";1298;3117;10338395,7820264;9
"768";1299;3038;63788511,0336585;8
"769";1300;3117;10922348,5713439;9
"770";1301;3038;8674773,35710062;8
"771";1302;3117;11517392,1541333;9
"772";1303;3156;5764492,55057243;8
"773";1305;3038;7311073,24849528;8
"774";1307;3038;5613172,17075047;8
"775";1308;3117;29671350,7648158;9
"776";1309;3038;95203518,1458247;8
"777";1310;3117;59522074,5119968;9
"778";1313;3038;27082772,1054686;8
"779";1316;3166;45859505,9832134;5
"780";1317;3165;16903637,1404834;8
"781";1319;3165;8100574,27520151;8
"782";1321;3110;32039900,5298009;6
"783";1323;3110;50940904,1731244;6
"784";1327;3110;6059406,14107688;6
"785";1330;3165;17219384,8918187;8
"786";1331;3165;29604244,4674864;8
"787";1332;3165;71827906,1298009;8
"788";1335;3165;20255826,7576941;8
"789";1338;3165;24684280,0045784;8
"790";1339;3165;12118823,7007208;8
"791";1341;3166;64437858,9001273;5
"792";1342;3166;10463326,6467149;5
"793";1346;3166;11237505,1790591;5
"794";1347;3166;38971467,0437475;5
"795";1350;3110;15475886,958881;6
"796";1351;3110;8696759,7090294;6
"797";1354;3110;18304699,5404834;6
"798";1355;26025;53056878,464519;10
"799";1356;26025;14633985,5007208;10
"800";1357;26025;5549692,99389587;10
"801";1358;26025;33694285,7879611;10
"802";1360;26025;9497816,36659617;10
"803";1361;26025;30338149,0734211;10
"804";1362;26025;27092758,6556169;10
"805";1364;26025;7475256,97787213;10
"806";1365;26025;14689213,8870709;10
"807";1367;26025;20237054,0490888;10
"808";1368;15044;17805450,4010175;12
"809";1369;15044;24729020,1030947;12
"810";1370;15044;23091307,9298009;12
"811";1371;15044;13581214,7547267;12
"812";1372;15044;6019643,86867332;12
"813";1373;15044;11429809,6876644;12
"814";1374;15044;6294731,63484542;12
"815";1375;15044;11839503,6734211;12
"816";1376;15044;32976588,3125902;12
"817";1377;15044;29622591,3143706;12
"818";1379;15044;16657674,0099196;12
"819";1380;15044;9762538,90665551;12
"820";1382;11033;11126565,8134804;4
"821";1383;11033;20954052,0336585;4
"822";1384;11030;14784063,4953795;8
"823";1385;11030;12627781,1725309;8
"824";1386;11030;69941114,2651125;8
"825";1387;11030;29009939,6027979;8
"826";1388;11033;66125225,6852905;4
"827";1389;11033;15491312,2710472;4
"828";1390;11030;14009038,1315813;8
"829";1391;11030;23580166,9909285;8
"830";1392;11030;5575357,45917777;8
"831";1393;11030;9726927,72980091;8
"832";1394;15015;8394742,13929646;9
"833";1398;15015;19778606,0259433;9
"834";1399;15015;15615600,9535398;9
"835";1400;15015;46634763,6022045;9
"836";1401;15015;3381026,3743113;9
"837";1402;15015;46094698,5559137;9
"838";1404;15015;30243706,2995339;9
"839";1405;15015;30316560,0348454;9
"840";1406;15015;17856638,5766852;9
"841";1409;11008;9935497,28291664;11
"842";1410;11008;7341550,91437065;11
"843";1411;11008;50942907,928614;11
"844";1412;11008;78768915,5689701;11
"845";1413;11008;39802764,7470116;11
"846";1414;11008;40261511,2846971;11
"847";1416;11008;20703965,6912252;11
"848";1417;11008;13582351,981433;11
"849";1418;11008;7238870,38736768;11
"850";1419;11008;6251782,6668929;11
"851";1421;9063;8023778,47223415;9
"852";1423;9063;17615131,7844003;9
"853";1425;9063;8638853,46511249;9
"854";1426;9063;24118153,6069523;9
"855";1427;9063;16519778,0579908;9
"856";1428;9063;24567053,9452312;9
"857";1429;9063;12783833,7232727;9
"858";1430;9063;61527348,621789;9
"859";1432;9063;9374133,12505314;9
"860";1434;11092;9123218,50309468;7
"861";1435;11092;30719527,7624419;7
"862";1436;11092;22197513,0793558;7
"863";1441;11092;6799900,83306501;7
"864";1443;11092;9598362,39389587;7
"865";1444;11092;17650773,9149641;7
"866";1445;11092;62519924,9760917;7
"867";1447;11078;5691573,62238252;9
"868";1449;11078;4925221,97312436;9
"869";1451;11078;32832764,3096229;9
"870";1452;11078;29644094,1950828;9
"871";1453;11078;24690063,5410769;9
"872";1455;11078;27801337,6526496;9
"873";1456;11078;14687304,8793558;9
"874";1457;11078;11945643,3547267;9
"875";1458;11078;23383793,6407801;9
"876";1459;3089;23782191,8194152;10
"877";1461;3089;34721564,4597712;10
"878";1462;3089;7733487,30606204;10
"879";1463;3089;10298676,2829166;10
"880";1464;3089;31778737,2900383;10
"881";1466;3089;30323905,2277238;10
"882";1467;3089;23070356,0093261;10
"883";1468;3089;30708663,3980502;10
"884";1469;3089;6671385,7321748;10
"885";1470;3089;24112587,685884;10
"886";1474;10086;71278017,0461214;5
"887";1477;10086;23550712,4633321;5
"888";1478;10086;17886467,3327683;5
"889";1482;10086;33036695,5784656;5
"890";1484;10086;64800424,6811362;5
"891";1485;10050;11281424,9689701;16
"892";1486;10039;6512203,25680388;16
"893";1487;10050;85475733,0983469;16
"894";1488;10039;30305360,707249;16
"895";1489;10039;24094104,8318781;16
"896";1490;10039;11668926,7921155;16
"897";1491;10050;11679817,4585843;16
"898";1492;10050;7465427,81407391;16
"899";1493;10050;63204897,560068;16
"900";1495;10050;62555931,9428573;16
"901";1496;10039;24344515,8562104;16
"902";1497;10039;8882094,42653682;16
"903";1498;12031;11033801,1381095;12
"904";1499;12031;5749725,35057243;12
"905";1500;12031;22314009,4146674;12
"906";1501;12031;5621812,13692258;12
"907";1502;12031;19050710,6211956;12
"908";1504;12031;5187250,34997896;12
"909";1505;12031;29598125,2378128;12
"910";1506;12031;4806360,49715996;12
"911";1507;12031;30313355,4941926;12
"912";1508;12031;30306512,4081392;12
"913";1509;12031;12313097,9642223;12
"914";1510;12031;13215511,4888514;12
"915";1511;12000;8985682,94523118;4
"916";1512;12046;37078260,3891481;14
"917";1515;12000;39386274,1137772;4
"918";1517;12000;24585253,7986436;4
"919";1518;12046;11025261,6627386;14
"920";1519;12000;22936621,4223825;4
"921";1520;12046;15191498,5743113;14
"922";1521;12046;14095841,6283172;14
"923";1522;12046;10708365,3143706;14
"924";1523;12046;10255929,1125902;14
"925";1525;10050;10180407,5571006;16
"926";1526;10050;7297935,81704127;16
"927";1527;10039;8037320,84196709;16
"928";1528;10050;10756358,6579908;16
"929";1529;10039;8051468,61288697;16
"930";1530;10050;7323055,97609172;16
"931";1531;10039;23375611,4823232;16
"932";1533;10039;8033012,91615106;16
"933";1534;10039;63826857,3582876;16
"934";1535;10050;13486572,6953795;16
"935";1537;18013;22888015,6947861;9
"936";1538;18013;11873380,5743113;9
"937";1539;18013;50899618,465706;9
"938";1541;18013;30327529,3357356;9
"939";1542;18013;23311309,3772787;9
"940";1544;18013;6759874,95591367;9
"941";1546;18013;26416664,6407801;9
"942";1547;18013;24102921,706062;9
"943";1549;18013;10322692,3339552;9
"944";1550;3156;17315563,6146674;8
"945";1556;3156;22979116,960068;8
"946";1557;3156;30720423,7007208;8
"947";1558;3156;7631028,0206021;8
"948";1560;3156;16842748,9944893;8
"949";1561;3156;36518295,6354389;8
"950";1562;3156;10324592,6740146;8
"951";1563;18064;4941034,43781278;8
"952";1565;18064;22188403,9232727;8
"953";1566;18064;24573125,8033914;8
"954";1567;18064;21055410,781433;8
"955";1572;18064;11845430,0099196;8
"956";1573;18064;22315234,8211956;8
"957";1574;18064;7417397,92920744;8
"958";1575;18064;61638888,4550235;8
"959";1576;10090;73992558,1885546;11
"960";1577;10090;34315894,2692668;11
"961";1578;10090;30809107,8075457;11
"962";1579;10090;10686452,5844003;11
"963";1581;10090;30357474,8039849;11
"964";1582;10090;30313779,0122935;11
"965";1583;10090;6766082,68469706;11
"966";1584;10090;17970690,5185249;11
"967";1585;10090;9796441,12208578;11
"968";1587;10090;7773806,29894038;11
"969";1588;10090;6186535,72742703;11
"970";1589;9021;65187259,3998306;2
"971";1591;9022;7986341,82297599;7
"972";1592;9022;9766596,26748637;7
"973";1595;9022;38154093,9493855;7
"974";1596;9022;23740923,9410769;7
"975";1597;9022;6635083,7553202;7
"976";1598;9022;49089944,8010175;7
"977";1599;9022;18589257,0389997;7
"978";1600;9021;34596601,3944893;2
"979";1603;10120;3843023,13395522;7
"980";1604;10120;91548820,3867742;7
"981";1607;10120;32949407,8479018;7
"982";1608;10120;32802341,4775754;7
"983";1609;10120;26299666,6829166;7
"984";1612;10120;18038998,7648158;7
"985";1613;10120;14684500,9030947;7
"986";1615;10082;13055204,4864775;4
"987";1616;10082;20124003,0918187;4
"988";1617;10082;7992142,55710062;4
"989";1619;10082;15136264,4152609;4
"990";1623;10081;30281227,4532431;9
"991";1624;10081;30321171,8603647;9
"992";1625;10081;12699861,8027979;9
"993";1626;10081;19382131,4105131;9
"994";1627;10081;19617471,128614;9
"995";1629;30016;38501334,3339552;9
"996";1630;30016;49919609,7927089;9
"997";1632;30016;60403781,5654092;9
"998";1634;30016;30326556,3731244;9
"999";1635;30016;30716487,9962698;9
"1000";1636;30016;11277489,4372193;9
"1001";1637;30016;6791201,77134394;9
"1002";1638;30016;14922949,9013143;9
"1003";1640;30016;11298294,2140739;9
"1004";1642;8258;8150135,11911842;19
"1005";1643;8258;41012079,3434508;19
"1006";1646;8258;9406484,84552792;19
"1007";1647;8258;30341033,3582876;19
"1008";1649;8258;11689385,7612549;19
"1009";1651;8258;19631591,938703;19
"1010";1652;8258;20122429,7737178;19
"1011";1654;8258;24057930,6603647;19
"1012";1655;8258;19625419,4324715;19
"1013";1656;8258;24703484,6846971;19
"1014";1657;8258;49918564,7944893;19
"1015";1658;8258;31492133,1689701;19
"1016";1659;8258;15856533,0200086;19
"1017";1660;8258;49691002,8277238;19
"1018";1661;8258;13209882,0674864;19
"1019";1663;8258;39028922,3493855;19
"1020";1664;8258;12491331,401611;19
"1021";1665;8258;14396236,5404834;19
"1022";1666;8258;10065648,9458247;19
"1023";1667;15055;3750139,76718964;9
"1024";1668;15055;23868061,4336585;9
"1025";1671;15055;11022860,5677831;9
"1026";1673;15055;27084151,695973;9
"1027";1674;15055;3338901,00220447;9
"1028";1675;15055;4902413,08291664;9
"1029";1676;15055;35554051,8265368;9
"1030";1678;15055;8297238,76837658;9
"1031";1679;15055;46556187,3826199;9
"1032";1680;3174;20698541,1725309;10
"1033";1681;3174;4353081,70843593;10
"1034";1683;3174;10278731,5197119;10
"1035";1684;3174;29630499,5149641;10
"1036";1685;3174;10987352,8556169;10
"1037";1686;3174;12028764,0360324;10
"1038";1687;3174;41604224,5054686;10
"1039";1689;3174;7332907,29419261;10
"1040";1690;3174;9761058,12030536;10
"1041";1692;3174;46419322,9167445;10
"1042";1694;8268;7622308,0057653;9
"1043";1695;8265;13097416,4182282;10
"1044";1698;8268;36324775,9167445;9
"1045";1699;8254;12689962,0306911;7
"1046";1702;8254;5464177,485884;7
"1047";1703;8265;22462161,4194152;10
"1048";1705;8254;8262725,7131837;7
"1049";1706;8268;12571411,474608;9
"1050";1708;9118;29720965,1956763;1
"1051";1709;8254;13749496,8864775;7
"1052";1710;8268;29633299,1897416;9
"1053";1711;8118;25254806,65443;5
"1054";1714;8268;6241275,59567629;9
"1055";1715;8265;16254677,6532431;10
"1056";1716;8265;6735225,80457836;10
"1057";1717;8254;10648414,981433;7
"1058";1720;8265;19370123,5220858;10
"1059";1721;8268;17974631,0995339;9
"1060";1722;8265;10454604,8722341;10
"1061";1723;8268;27682381,644341;9
"1062";1725;8118;6769240,89122525;5
"1063";1727;8118;23723081,5671896;5
"1064";1728;8265;20305826,8668929;10
"1065";1729;8265;8405149,27223415;10
"1066";1731;8268;9358958,37668519;9
"1067";1733;8254;4029143,67164068;7
"1068";1734;8265;24585108,170157;10
"1069";1735;8118;9983029,94107688;5
"1070";1737;8118;19599970,201611;5
"1071";1739;8268;11687676,7677831;9
"1072";1740;8265;50645184,1855873;10
"1073";1743;8254;26324377,2538365;7
"1074";1745;12045;12482021,9713439;12
"1075";1746;12045;18941583,6324715;12
"1076";1748;12045;27171368,1992371;12
"1077";1749;12045;10076064,4300977;12
"1078";1750;12045;16205054,5553202;12
"1079";1751;12045;5552806,73751605;12
"1080";1752;12045;19717246,3197119;12
"1081";1753;12045;72127451,8692668;12
"1082";1754;12045;6791692,58261991;12
"1083";1755;12045;9878190,43899973;12
"1084";1756;12045;33088973,074608;12
"1085";1757;12045;16786475,3808395;12
"1086";1761;20062;10244681,4306911;11
"1087";1763;20062;43326697,581433;11
"1088";1764;20062;31577246,9434508;11
"1089";1765;20062;38181354,1624419;11
"1090";1767;21040;30375605,5493855;9
"1091";1769;21040;9709760,50606204;9
"1092";1771;1030;23718483,1820264;15
"1093";1773;1030;49922324,7084359;15
"1094";1778;1030;22391906,3375161;15
"1095";1780;1030;11501540,7891481;15
"1096";1781;1030;6413263,66511249;15
"1097";1782;1030;5731278,08944483;15
"1098";1784;6007;5498066,2437475;10
"1099";1785;6007;57696789,8508692;10
"1100";1787;6007;34419618,8615517;10
"1101";1788;6007;39031712,3980502;10
"1102";1790;6007;11040326,5333617;10
"1103";1792;6007;30335062,3980502;10
"1104";1793;6007;11405463,7102163;10
"1105";1794;6007;11293478,7428573;10
"1106";1795;6007;14281519,190335;10
"1107";1796;6007;25629317,107249;10
"1108";1799;12046;40274739,9838068;14
"1109";1802;12046;11753348,8722341;14
"1110";1803;12046;6815015,46036471;14
"1111";1804;12046;19168679,3493855;14
"1112";1805;12046;11625757,2467149;14
"1113";1806;12046;10778938,1547267;14
"1114";1808;12046;14389465,8336585;14
"1115";1809;12046;20201307,3078425;14
"1116";1811;2005;23027233,65443;20
"1117";1812;2005;6756042,50190774;20
"1118";1813;2005;9777556,31555759;20
"1119";1814;2005;27030290,5137772;20
"1120";1815;2005;21151763,5155576;20
"1121";1816;2005;12279136,9695635;20
"1122";1817;2005;16902957,6318781;20
"1123";1818;2005;59779692,3232727;20
"1124";1819;2005;18935049,4716407;20
"1125";1820;2005;24756796,2568039;20
"1126";1821;2005;9269645,56006798;20
"1127";1823;2005;15533414,7933024;20
"1128";1824;2005;25274647,1950828;20
"1129";1827;2005;47148028,4099196;20
"1130";1830;2005;71134637,7980502;20
"1131";1831;2005;29634825,8799493;20
"1132";1832;2005;19179925,065706;20
"1133";1833;2005;32974079,7683766;20
"1134";1834;2005;32866218,381433;20
"1135";1835;2005;6735224,55888103;20
"1136";1836;3010;16908503,9541333;17
"1137";1837;3010;43466282,3505724;17
"1138";1838;3010;19559344,9149641;17
"1139";1839;3011;10256503,6425606;9
"1140";1840;3010;30410580,9262401;17
"1141";1843;3010;6333799,65621041;17
"1142";1844;3010;69471308,9345487;17
"1143";1845;3011;41853043,4918187;9
"1144";1848;3010;11891751,5725309;17
"1145";1850;3010;54173344,8900383;17
"1146";1851;3010;24615254,1565071;17
"1147";1854;3011;6062189,74285729;9
"1148";1855;3011;15809961,7303944;9
"1149";1857;3011;32983991,0111066;9
"1150";1858;3010;20562688,927427;17
"1151";1859;3011;19210349,3725309;9
"1152";1860;3011;51469019,2817297;9
"1153";1861;3010;10854382,370157;17
"1154";1864;3010;30315137,190335;17
"1155";1865;3010;33012084,4194152;17
"1156";1866;3010;29665685,9096229;17
"1157";1868;3011;33702311,8935991;9
"1158";1870;3010;8428111,96422228;17
"1159";1872;3010;15657661,7968632;17
"1160";1873;3011;28710959,8395932;9
"1161";1874;3010;33695580,9143706;17
"1162";1875;2011;16304230,8324715;22
"1163";1876;2011;15752891,9725309;22
"1164";1877;2011;6817392,24849528;22
"1165";1878;2011;12789530,8965665;22
"1166";1879;2011;7099313,23899973;22
"1167";1880;2011;16802634,3066555;22
"1168";1881;2011;49104512,5618484;22
"1169";1882;2011;38220457,7345487;22
"1170";1884;2011;9677226,53692258;22
"1171";1886;2011;53352011,7096229;22
"1172";1888;4114;78086008,5025012;6
"1173";1890;4050;30306010,601611;11
"1174";1891;4114;27654098,0704537;6
"1175";1892;4114;22993541,8117;6
"1176";1893;4050;15651279,9938959;11
"1177";1894;4114;43208674,4793558;6
"1178";1896;4114;5640450,93573563;6
"1179";1897;4050;36820411,3030947;11
"1180";1898;4050;37093807,9232727;11
"1181";1899;4050;10771578,2668929;11
"1182";1900;4114;6727380,6206021;6
"1183";1903;10108;33696648,6158543;14
"1184";1904;10108;24030479,2265368;14
"1185";1905;10108;20777788,9446377;14
"1186";1906;10108;18355865,927427;14
"1187";1907;10108;11388331,3760917;14
"1188";1908;10108;11878603,4051718;14
"1189";1910;10108;7468973,44493445;14
"1190";1913;10108;10570793,4419671;14
"1191";1914;10108;20131780,0900383;14
"1192";1915;10108;18226021,9511659;14
"1193";1918;10108;8996220,03781278;14
"1194";1920;10108;14644036,7191184;14
"1195";1925;10108;33016194,8437475;14
"1196";1926;10108;36411900,2674864;14
"1197";1927;8102;10290167,801611;12
"1198";1928;8102;5649538,75057243;12
"1199";1929;8102;10275371,222976;12
"1200";1930;8102;6149010,27223415;12
"1201";1932;8102;25364817,444341;12
"1202";1933;8102;30334412,8295042;12
"1203";1934;8102;11726013,8668929;12
"1204";1935;8102;24653315,1392965;12
"1205";1936;8102;17554425,9808395;12
"1206";1937;8102;29137419,8752015;12
"1207";1938;8102;20131265,7796525;12
"1208";1939;8102;34383523,8781689;12
"1209";1940;4213;5618117,71140329;3
"1210";1941;4134;53239791,5950828;4
"1211";1942;4134;28375775,2550235;4
"1212";1946;4213;21428933,3553202;3
"1213";1948;4134;17410004,3873677;4
"1214";1949;4134;54697264,0989404;4
"1215";1952;4213;13637552,5232727;3
"1216";1955;8230;10588330,4105131;7
"1217";1956;8230;11744902,4395932;7
"1218";1958;8230;6827362,13514216;7
"1219";1959;8230;6414177,44137361;7
"1220";1960;8230;28059208,9660027;7
"1221";1962;8103;7998248,12327272;7
"1222";1963;8103;5750762,73395522;7
"1223";1966;8103;5309273,79567628;7
"1224";1969;8103;29653946,4188217;7
"1225";1970;8103;6841518,89478608;7
"1226";1973;8103;30389295,0265368;7
"1227";1975;8103;5666313,26155166;7
"1228";1976;8230;29577464,1404834;7
"1229";1978;8230;30720836,5203054;7
"1230";1979;9082;17982513,4526496;11
"1231";1980;9082;11030828,907249;11
"1232";1981;9082;17059095,0449344;11
"1233";1983;9082;11672080,6935991;11
"1234";1984;9082;8531398,13158133;11
"1235";1985;9082;52593125,3214923;11
"1236";1987;9082;12671156,3250531;11
"1237";1988;9082;30300646,6117;11
"1238";1989;9082;32973508,4722341;11
"1239";1990;9082;20928835,9885546;11
"1240";1991;9082;20791085,8995339;11
"1241";1993;19002;39452796,2265368;13
"1242";1994;19002;20819822,4283172;13
"1243";1995;19002;62932492,4977534;13
"1244";1997;19002;25141606,5428573;13
"1245";1998;19002;9043844,05680388;13
"1246";1999;19002;6147009,18083949;13
"1247";2002;19002;27642621,4247564;13
"1248";2003;19002;11658308,8817297;13
"1249";2005;23085;27860785,6983469;15
"1250";2008;23085;57039699,8538365;15
"1251";2010;23085;7469172,81466738;15
"1252";2011;23085;15654300,6265368;15
"1253";2012;23085;14731941,4484953;15
"1254";2013;23085;16466498,0799493;15
"1255";2014;23085;23663444,5897416;15
"1256";2015;23085;20374582,033065;15
"1257";2017;23085;70166510,6817297;15
"1258";2018;19051;20819302,8087327;10
"1259";2019;19051;14181624,9030947;10
"1260";2020;19051;10327064,8075457;10
"1261";2021;19051;33077608,1298009;10
"1262";2023;19051;39608762,381433;10
"1263";2024;19051;11718170,5214923;10
"1264";2025;19051;9430345,34048341;10
"1265";2026;19051;17560201,0372193;10
"1266";2028;19051;20411062,358881;10
"1267";2030;19051;10427985,7861807;10
"1268";2031;9061;27112693,3114033;8
"1269";2032;9061;5999578,25146263;8
"1270";2033;9061;12640686,5327683;8
"1271";2034;9099;10205400,3030947;8
"1272";2036;9099;32627852,3873677;8
"1273";2037;9099;29628089,6835101;8
"1274";2038;9099;30286123,349979;8
"1275";2039;9099;20714323,8686733;8
"1276";2040;9099;13830988,8051718;8
"1277";2045;9099;20120792,8514626;8
"1278";2046;9061;23765201,5844003;8
"1279";2048;9061;7960512,55294631;8
"1280";2049;9099;13582643,390335;8
"1281";2053;9061;20732810,507249;8
"1282";2054;9061;64530117,2627386;8
"1283";2055;9061;6042057,53692258;8
"1284";2057;25056;15098156,0140739;8
"1285";2058;25056;5731051,33395522;8
"1286";2063;25056;38090789,3298009;8
"1287";2064;25056;11354267,8704537;8
"1288";2066;25056;24006881,9636288;8
"1289";2067;25056;12771412,0395932;8
"1290";2068;25056;7961468,21526085;8
"1291";2069;25056;6303852,77312436;8
"1292";2070;39059;33579057,1197119;9
"1293";2071;39059;16194832,475795;9
"1294";2072;39059;40195366,285884;9
"1295";2073;39059;15269609,391522;9
"1296";2074;39059;6720274,65264958;9
"1297";2076;39059;8264879,12267925;9
"1298";2077;39059;25623883,1404834;9
"1299";2078;39059;47590126,5820264;9
"1300";2080;39059;12893289,3244597;9
"1301";2083;39020;12227148,5754982;9
"1302";2086;39020;17670701,3933024;9
"1303";2087;39020;60650860,4508692;9
"1304";2088;39020;27321522,8384063;9
"1305";2089;39020;104602582,904282;9
"1306";2090;39020;6962199,4206021;9
"1307";2092;39020;72834108,9820264;9
"1308";2093;39020;32723156,380246;9
"1309";2095;39020;29625061,833065;9
"1310";2096;18040;9753314,32742703;8
"1311";2097;18040;23909450,7950828;8
"1312";2100;18040;10248051,6562104;8
"1313";2101;18040;7635355,54938548;8
"1314";2102;18040;62083042,2247564;8
"1315";2103;18040;30724675,853243;8
"1316";2105;18040;28101265,2514626;8
"1317";2106;18040;16721407,3760917;8
"1318";2110;30002;13310319,138703;10
"1319";2111;30002;18305911,85443;10
"1320";2113;30002;24560365,8419671;10
"1321";2114;30002;16986184,0069523;10
"1322";2115;30002;20690743,2662994;10
"1323";2116;30002;8630851,79508281;10
"1324";2117;30002;5690704,17905907;10
"1325";2118;30002;8308068,9363291;10
"1326";2119;30002;16390167,2277238;10
"1327";2121;30002;12286271,9019077;10
"1328";2122;2011;39494092,0022045;22
"1329";2123;2011;8611927,08291664;22
"1330";2124;2011;32954245,1731244;22
"1331";2125;2011;16963057,9606614;22
"1332";2126;2011;12683357,7019077;22
"1333";2128;2011;9025818,09063177;22
"1334";2129;2011;19584611,9849938;22
"1335";2130;2011;34075417,8022045;22
"1336";2131;2011;85662194,7321748;22
"1337";2132;2011;41097373,1149641;22
"1338";2133;2011;32829778,2022045;22
"1339";2134;2011;17258764,1956763;22
"1340";2148;9074;61255283,4105131;8
"1341";2149;9074;66283902,3968632;8
"1342";2150;9074;33025152,4520561;8
"1343";2154;9074;23043956,4075457;8
"1344";2155;9074;16204901,1927089;8
"1345";2157;9074;12943697,012887;8
"1346";2158;9074;22770974,243154;8
"1347";2160;9074;8558020,19686323;8
"1348";2162;8187;12822339,4027979;9
"1349";2165;8787;32983278,1541333;1
"1350";2166;8187;24553724,6888514;9
"1351";2167;8187;32790307,5001273;9
"1352";2168;8187;23811125,8366258;9
"1353";2169;8187;16539023,5541333;9
"1354";2170;8187;27080288,043154;9
"1355";2171;8187;16892479,6259433;9
"1356";2172;8187;11756171,0484953;9
"1357";2173;8187;28638939,674608;9
"1358";2174;9035;62183962,5280205;6
"1359";2177;9035;21339059,5422638;6
"1360";2181;9035;22812659,8039849;6
"1361";2182;9035;18429663,2924122;6
"1362";2183;9035;17608250,7950828;6
"1363";2186;9035;37626975,6461214;6
"1364";2187;39022;12830929,6579908;9
"1365";2188;39022;17256532,0057653;9
"1366";2189;39022;10490398,0900383;9
"1367";2190;39022;6565078,87579498;9
"1368";2193;39022;10386623,3298009;9
"1369";2195;39022;9363666,0437475;9
"1370";2196;39022;5634716,17727866;9
"1371";2198;39022;24013321,4793558;9
"1372";2199;39022;25718055,443154;9
"1373";2200;39052;23123382,0651125;10
"1374";2202;39052;25525136,5357356;10
"1375";2203;39052;36174110,8627386;10
"1376";2205;39052;11797309,3766852;10
"1377";2207;39052;24072508,444341;10
"1378";2208;39052;29652768,6704537;10
"1379";2209;39052;18747843,8603647;10
"1380";2210;39052;18709322,5772787;10
"1381";2211;39052;14469467,034252;10
"1382";2212;39052;10900879,3962698;10
"1383";2214;1086;17024034,7826199;18
"1384";2216;1086;52774581,0496822;18
"1385";2217;1086;2948412,98855462;18
"1386";2219;1086;8074136,73751605;18
"1387";2221;1086;22256862,5351422;18
"1388";2222;1086;63142745,3677831;18
"1389";2223;1086;23534403,5446377;18
"1390";2224;1086;24409076,2882579;18
"1391";2225;1086;8422480,36303534;18
"1392";2226;1086;24697449,0728276;18
"1393";2228;1086;6343983,2206021;18
"1394";2229;1086;40161853,1013143;18
"1395";2230;1086;6013176,04908875;18
"1396";2231;2086;6044302,85324305;1
"1397";2232;1086;5191827,17609172;18
"1398";2233;1086;10280498,5778721;18
"1399";2236;1086;30723708,6906318;18
"1400";2237;1086;10264892,2265368;18
"1401";2238;1086;11691345,4781689;18
"1402";2240;15043;14174466,6924122;9
"1403";2242;15043;7324847,9280205;9
"1404";2243;15043;52418802,0152609;9
"1405";2245;15043;11383201,5719374;9
"1406";2246;15043;16852737,1167445;9
"1407";2247;15043;17090643,0324715;9
"1408";2248;15043;22930386,9042816;9
"1409";2249;15043;23453773,7262401;9
"1410";2250;15043;6255418,69122525;9
"1411";2253;25155;19069844,5143707;9
"1412";2254;25155;9547547,35710062;9
"1413";2256;25155;14583933,749979;9
"1414";2258;25155;35049695,1938959;9
"1415";2259;25155;15829010,1381095;9
"1416";2260;25155;29643109,7624419;9
"1417";2261;25155;32308943,1689701;9
"1418";2262;25155;23895019,5944893;9
"1419";2263;25155;7486169,35057243;9
"1420";2265;11082;9788580,75235284;12
"1421";2267;11082;6253330,1238662;12
"1422";2269;11013;26252427,7481985;13
"1423";2270;11013;10517284,9677831;13
"1424";2274;11013;33766660,1030947;13
"1425";2276;11013;30327363,5665962;13
"1426";2277;11082;29675205,5505724;12
"1427";2278;11013;9579079,75057243;13
"1428";2279;11082;30312621,9962698;12
"1429";2281;11013;17538348,874608;13
"1430";2286;11085;34425719,3772787;2
"1431";2287;11013;12552271,0591778;13
"1432";2290;11013;4961065,45027569;13
"1433";2291;11082;20646345,9398899;12
"1434";2292;11013;8365916,46392554;13
"1435";2294;11082;23191504,5452312;12
"1436";2295;11082;33692878,833065;12
"1437";2296;11082;12089110,8176347;12
"1438";2298;11013;6058947,42772376;13
"1439";2300;11082;10531984,918525;12
"1440";2302;11013;17005555,1108098;13
"1441";2304;11082;6387603,54523118;12
"1442";2306;11085;23929475,0674864;2
"1443";2307;11013;12393940,3262401;13
"1444";2308;11082;2352502,62178904;12
"1445";2310;11013;4440731,48707094;13
"1446";2316;11082;8343567,01288697;12
"1447";2317;9009;11295318,0532431;4
"1448";2318;9009;10065976,8918187;4
"1449";2320;9009;9781382,7784656;4
"1450";2323;9009;11376687,3820264;4
"1451";2331;6100;36461318,0924122;17
"1452";2332;6100;35666095,8271303;17
"1453";2333;6100;24894604,2722341;17
"1454";2334;6100;18872951,2668929;17
"1455";2336;6100;32234776,1594745;17
"1456";2337;6100;10243196,9962698;17
"1457";2340;6100;30366883,5576941;17
"1458";2341;6100;25232202,0164478;17
"1459";2343;6100;11768982,0117;17
"1460";2345;6100;11313919,3571006;17
"1461";2348;6100;30713512,0876644;17
"1462";2349;6100;7648883,75650715;17
"1463";2350;6100;11540045,5879612;17
"1464";2351;6100;59138871,1582876;17
"1465";2352;6100;7385169,49597302;17
"1466";2353;6100;37081146,2538365;17
"1467";2355;6100;18444964,5980502;17
"1468";2356;38048;10278489,5636288;6
"1469";2358;38048;14419996,6823232;6
"1470";2360;38048;45728383,390335;6
"1471";2361;38048;32936504,9155576;6
"1472";2363;38048;11031649,127427;6
"1473";2364;34048;29848582,3559137;1
"1474";2365;38048;11083025,5161511;6
"1475";2370;3171;17844025,7446377;8
"1476";2375;3132;16974441,2793558;8
"1477";2376;3171;32797602,7565071;8
"1478";2377;3171;29642411,8597712;8
"1479";2379;3171;6878083,99033504;8
"1480";2380;3171;20706998,3576941;8
"1481";2382;3171;9754401,5321748;8
"1482";2383;3171;33695049,2787623;8
"1483";2384;3171;6755074,40754572;8
"1484";2386;3132;12291709,7214923;8
"1485";2387;3132;11629126,0389997;8
"1486";2388;3132;29073521,9968632;8
"1487";2389;3132;3260841,63899973;8
"1488";2391;3132;11117957,0425606;8
"1489";2392;3132;40197245,4965665;8
"1490";2393;3132;8413166,33454869;8
"1491";2397;3023;13360276,7208988;1
"1492";2400;3153;17819990,2894448;5
"1493";2401;3153;4749811,08707094;5
"1494";2403;3153;4879205,69715996;5
"1495";2404;3153;19671857,9345487;5
"1496";2407;3153;9534120,62891071;5
"1497";2408;4056;69401503,7606615;5
"1498";2409;4056;11563374,3214923;5
"1499";2411;4050;10922578,4686733;11
"1500";2412;4050;30288838,4069523;11
"1501";2413;4050;20771527,8799493;11
"1502";2414;4050;7937807,40042406;11
"1503";2415;4050;64362619,3084359;11
"1504";2416;4050;17699533,8176347;11
"1505";2417;4056;13298037,7891481;5
"1506";2419;4056;46798476,665706;5
"1507";2420;4056;49299775,6146674;5
"1508";2421;38038;30712065,0662994;6
"1509";2422;38038;24674678,4437475;6
"1510";2424;38038;40471344,2223825;6
"1511";2427;38038;61572942,8437475;6
"1512";2429;38038;40157712,327427;6
"1513";2433;38038;15200472,7321748;6
"1514";2434;37002;33412230,1262401;8
"1515";2437;37002;8192074,4354389;8
"1516";2439;37002;10639467,9879612;8
"1517";2441;37002;7686622,15353979;8
"1518";2442;37002;8409540,84196709;8
"1519";2443;37002;9011871,05264958;8
"1520";2445;37002;50060780,4722342;8
"1521";2446;37002;35145880,865706;8
"1522";2447;38064;21014421,8621451;12
"1523";2448;38064;31487345,7493855;12
"1524";2449;38064;31464484,6556169;12
"1525";2451;38064;30490616,5891481;12
"1526";2452;38064;26155607,9114033;12
"1527";2453;38064;50870507,6140739;12
"1528";2454;38064;2985457,80457836;12
"1529";2455;38064;10778303,1470116;12
"1530";2456;38064;38241020,9333617;12
"1531";2457;38064;29624594,3944893;12
"1532";2458;38064;26735981,1754982;12
"1533";2459;38064;34425323,3268336;12
"1534";2460;12044;13333129,1191184;6
"1535";2461;12044;3401289,89478608;6
"1536";2462;12044;30333437,3677831;6
"1537";2466;12044;9444506,39033504;6
"1538";2467;12044;12871997,2069522;6
"1539";2469;12044;34795374,4639255;6
"1540";2473;3104;10301280,2876644;21
"1541";2474;3104;41315714,6105131;21
"1542";2475;3104;14732445,3078425;21
"1543";2476;3104;23419987,9772787;21
"1544";2477;3104;9001591,14523118;21
"1545";2478;3104;7331777,3238662;21
"1546";2479;3104;10223035,1517594;21
"1547";2480;3104;9026501,29419261;21
"1548";2482;3104;10364092,7102163;21
"1549";2483;3104;13098055,2164478;21
"1550";2484;3104;24089957,6734211;21
"1551";2485;3104;7318278,45027569;21
"1552";2486;3150;4992516,2668929;8
"1553";2489;3150;30469022,5760917;8
"1554";2490;3150;27859280,8461214;8
"1555";2491;3150;51918791,7333617;8
"1556";2493;3150;7976695,33929646;8
"1557";2494;3150;31468857,1832134;8
"1558";2496;3150;31496315,9084359;8
"1559";2497;3135;34447557,0360324;1
"1560";2498;3150;65680108,474608;8
"1561";2499;10103;40438415,3897416;7
"1562";2503;10103;30368950,3897416;7
"1563";2504;10103;12759958,6312846;7
"1564";2505;10103;19024259,9784656;7
"1565";2506;10103;6564133,26570596;7
"1566";2509;10103;10635101,7547267;7
"1567";2510;10103;30718540,4455279;7
"1568";2513;3104;33697597,2235695;21
"1569";2514;3104;16919714,5422638;21
"1570";2515;3104;6913889,12920744;21
"1571";2516;3104;9023852,69300566;21
"1572";2518;3104;79414576,8039849;21
"1573";2519;3104;16939657,6413736;21
"1574";2520;3104;8997456,78618073;21
"1575";2522;3104;36789771,9102163;21
"1576";2523;3104;9030809,38796115;21
"1577";2525;9044;5961577,8585843;8
"1578";2527;9044;13661978,3078425;8
"1579";2528;9044;11906216,0502757;8
"1580";2529;9044;16931622,7719374;8
"1581";2531;9044;7302142,79805017;8
"1582";2532;9044;30304856,6716407;8
"1583";2533;9044;14016235,0176347;8
"1584";2536;9044;10745343,9363291;8
"1585";2538;22052;34952540,5119968;27
"1586";2539;22052;62246836,2989404;27
"1587";2540;22052;10362486,6888514;27
"1588";2541;22052;8190716,65264958;27
"1589";2542;22052;2454477,42950418;27
"1590";2543;22052;7416645,44196709;27
"1591";2545;22052;30321730,7606614;27
"1592";2546;22052;13725031,201611;27
"1593";2547;22052;23970198,6063588;27
"1594";2550;22052;14024262,9594745;27
"1595";2552;3040;26336038,8289107;7
"1596";2553;3040;9338595,80873266;7
"1597";2554;3040;45133514,2556169;7
"1598";2556;3040;24630294,117338;7
"1599";2558;3040;75292620,3885546;7
"1600";2559;3040;9011313,48647747;7
"1601";2561;3040;32739560,8698603;7
"1602";2571;25042;25563688,6069523;4
"1603";2572;25042;11013109,8775754;4
"1604";2573;25042;14662010,2010175;4
"1605";2576;25042;14251816,69716;4
"1606";2578;10081;48150432,918525;9
"1607";2580;10081;5735373,05324305;9
"1608";2581;10081;27969479,7416704;9
"1609";2582;10081;10981306,3351422;9
"1610";2583;11001;10450235,6241629;4
"1611";2584;11001;30311015,137516;4
"1612";2586;11001;63959718,549979;4
"1613";2587;11001;6931682,42653682;4
"1614";2590;8262;33016683,5944893;8
"1615";2592;8262;6929867,47876234;8
"1616";2594;8262;16977403,1197119;8
"1617";2595;8262;66310014,2490887;8
"1618";2597;8262;29683026,0395932;8
"1619";2598;8262;33189068,1671896;8
"1620";2600;8262;10317042,7090294;8
"1621";2601;8262;10311008,2627386;8
"1622";2603;10106;66049988,0164478;11
"1623";2604;10106;32934233,2918187;11
"1624";2605;10106;33002257,3458247;11
"1625";2606;10106;24685568,9820264;11
"1626";2607;10106;28618245,4170413;11
"1627";2608;10106;30726606,6870709;11
"1628";2609;10106;5648406,56837658;11
"1629";2610;10106;17945683,4941926;11
"1630";2613;10106;18184077,0419671;11
"1631";2614;10106;31037639,1511659;11
"1632";2615;10106;17627167,8407801;11
"1633";2616;21041;6721041,37668519;9
"1634";2617;21041;47712091,5927089;9
"1635";2618;21041;12062154,4022045;9
"1636";2619;21041;10143387,8924122;9
"1637";2621;21041;10197305,3048751;9
"1638";2622;21041;20427725,2930057;9
"1639";2624;21041;35449361,6835101;9
"1640";2625;21041;11550708,6449344;9
"1641";2628;21041;11684593,7796525;9
"1642";2629;6049;33700173,7695635;30
"1643";2630;6049;5642195,46748637;30
"1644";2633;6049;23777329,0063588;30
"1645";2635;6049;6026029,87164068;30
"1646";2636;6049;13353464,6182282;30
"1647";2638;6049;21040346,8639255;30
"1648";2639;6049;5031820,7891481;30
"1649";2640;6049;31617737,0514626;30
"1650";2642;21040;23829702,0829166;9
"1651";2643;20062;19371928,3885546;11
"1652";2647;21040;3964167,06807985;9
"1653";2649;21040;78496569,085884;9
"1654";2653;20062;11768476,8200086;11
"1655";2654;20062;15690468,5298009;11
"1656";2656;19003;23041372,3226793;9
"1657";2657;19003;30467872,8211956;9
"1658";2658;19003;22974712,2306911;9
"1659";2659;19003;6721682,67401456;9
"1660";2661;19003;9729898,28054275;9
"1661";2662;19003;11380408,558881;9
"1662";2664;19003;12604187,2253499;9
"1663";2665;19003;16768088,5523528;9
"1664";2666;19003;8414443,45442999;9
"1665";2668;2002;24674435,8099196;10
"1666";2669;2002;30708308,4556169;10
"1667";2671;2002;12313612,3001273;10
"1668";2672;2002;10087322,8069522;10
"1669";2673;2002;10159388,5731244;10
"1670";2676;2002;11374643,8378128;10
"1671";2677;2002;7021136,94285729;10
"1672";2678;2002;50191697,4348454;10
"1673";2679;2002;18586134,7909285;10
"1674";2680;2002;30318755,2384063;10
"1675";2682;9093;12489839,6870709;4
"1676";2683;9091;24044242,790335;7
"1677";2685;9091;16269576,9339552;7
"1678";2686;9093;6579148,86392554;4
"1679";2687;9093;40787222,434252;4
"1680";2688;9091;16545234,2829166;7
"1681";2689;9091;46597947,3541333;7
"1682";2690;9093;18335051,3553202;4
"1683";2691;9091;15508994,1090294;7
"1684";2692;9091;14455607,8805428;7
"1685";2693;9091;29647089,1019077;7
